,scenario_type,methodology,profit_gap_DKK,profit_gap_pct,profit_gap_DKK_std
0,High prices,Gurobi ML,742.2841852428173,1.683243535898976,571.5418148731657
1,High prices,ICNN,80.62244998817587,0.15985503143522567,81.22997505518111
2,High prices,PCAR,134.39794576562653,0.2941122065629014,98.91329151499755
3,High prices,PCTAR,134.39794576562653,0.2941122065629014,98.91329151499755
4,High prices,PWL,593.1551515518847,1.1619956375196374,313.72535313344366
5,Medium prices,Gurobi ML,301.44062801482875,9.051475276330144,214.86897631612135
6,Medium prices,ICNN,31.196355052743048,1.0860006882529925,12.093552683937556
7,Medium prices,PCAR,109.37639584513894,4.011877837404166,102.8984762295394
8,Medium prices,PCTAR,109.37639584513894,4.011877837404166,102.8984762295394
9,Medium prices,PWL,69.88553040767746,2.0279204167911504,20.4711008011987
10,Low prices,Gurobi ML,75.60501154432119,38.53928044621649,129.6180816137371
11,Low prices,ICNN,15.835820426897124,17.299770764040638,6.268849271548624
12,Low prices,PCAR,760.8269707616548,824.57312605131,102.59293464402695
13,Low prices,PCTAR,760.8269707616548,824.57312605131,102.59293464402695
14,Low prices,PWL,17.120277080095708,12.327322444539238,8.756356759442738
